107,1434,121,2,1,0.00,92.96,25.08,3.07,v3,2024-03-19 08:21:08
107,1434,122,2,2,0.00,69.27,25.05,3.08,v3,2024-03-19 08:21:08
107,1434,123,2,3,0.00,56.10,25.04,3.07,v3,2024-03-19 08:21:09
107,1434,124,2,4,0.00,51.27,25.04,3.07,v3,2024-03-19 08:21:09
107,1434,125,2,5,0.00,49.23,25.04,3.07,v3,2024-03-19 08:21:10
107,1434,126,2,6,0.00,48.35,25.05,3.07,v3,2024-03-19 08:21:10
107,1434,127,2,7,0.00,48.05,25.05,3.07,v3,2024-03-19 08:21:11
107,1434,128,2,8,0.00,47.94,25.05,3.07,v3,2024-03-19 08:21:11
107,1434,129,2,9,0.00,47.93,25.05,3.07,v3,2024-03-19 08:21:12
107,1434,130,2,10,0.00,47.95,25.05,3.07,v3,2024-03-19 08:21:12
107,1434,131,2,11,0.00,47.98,25.05,3.07,v3,2024-03-19 08:21:13
107,1434,132,2,12,0.00,48.02,25.06,3.07,v3,2024-03-19 08:21:13
107,1434,133,2,13,0.00,48.06,25.06,3.07,v3,2024-03-19 08:21:14
107,1434,134,2,14,0.00,48.10,25.06,3.07,v3,2024-03-19 08:21:15
107,1434,135,2,15,0.00,48.13,25.06,3.07,v3,2024-03-19 08:21:15
107,1434,136,2,16,0.00,48.17,25.06,3.07,v3,2024-03-19 08:21:15
107,1434,137,2,17,0.00,48.20,25.06,3.07,v3,2024-03-19 08:21:16
107,1434,138,2,18,0.00,48.23,25.06,3.07,v3,2024-03-19 08:21:17
107,1434,139,2,19,0.00,48.26,25.06,3.07,v3,2024-03-19 08:21:17
107,1434,140,2,20,0.00,48.29,25.06,3.07,v3,2024-03-19 08:21:18
107,1434,141,2,21,0.00,48.31,25.06,3.07,v3,2024-03-19 08:21:18
107,1434,142,2,22,0.00,48.34,25.06,3.07,v3,2024-03-19 08:21:19
107,1434,143,2,23,0.00,48.37,25.06,3.07,v3,2024-03-19 08:21:19
107,1434,144,2,24,0.00,48.40,25.06,3.07,v3,2024-03-19 08:21:20
107,1434,145,2,25,0.00,48.42,25.07,3.07,v3,2024-03-19 08:21:20
107,1434,146,2,26,0.00,48.45,25.07,3.07,v3,2024-03-19 08:21:21
107,1434,147,2,27,0.00,48.47,25.07,3.07,v3,2024-03-19 08:21:21
107,1434,148,2,28,0.00,48.50,25.07,3.07,v3,2024-03-19 08:21:22
107,1434,149,2,29,0.00,48.53,25.07,3.07,v3,2024-03-19 08:21:22
107,1434,150,2,30,0.00,48.55,25.07,3.07,v3,2024-03-19 08:21:23
107,1434,151,2,31,0.00,48.57,25.07,3.07,v3,2024-03-19 08:21:23
107,1434,152,2,32,0.00,48.59,25.07,3.07,v3,2024-03-19 08:21:24
107,1434,153,2,33,0.00,48.61,25.07,3.07,v3,2024-03-19 08:21:24
107,1434,154,2,34,0.00,48.63,25.07,3.07,v3,2024-03-19 08:21:25
107,1434,155,2,35,0.00,48.65,25.08,3.07,v3,2024-03-19 08:21:25
107,1434,156,2,36,0.00,48.67,25.07,3.07,v3,2024-03-19 08:21:26
107,1434,157,2,37,0.00,48.69,25.08,3.07,v3,2024-03-19 08:21:26
107,1434,158,2,38,0.00,48.72,25.08,3.07,v3,2024-03-19 08:21:27
107,1434,159,2,39,0.00,48.73,25.08,3.07,v3,2024-03-19 08:21:27
107,1434,160,2,40,0.00,48.75,25.08,3.07,v3,2024-03-19 08:21:28
107,1434,161,2,41,0.00,48.77,25.08,3.07,v3,2024-03-19 08:21:28
107,1434,162,2,42,0.00,48.79,25.08,3.07,v3,2024-03-19 08:21:29
107,1434,163,2,43,0.00,48.81,25.08,3.07,v3,2024-03-19 08:21:29
107,1434,164,2,44,0.00,48.83,25.08,3.07,v3,2024-03-19 08:21:30
107,1434,165,2,45,0.00,48.85,25.08,3.07,v3,2024-03-19 08:21:30
107,1434,166,2,46,0.00,48.87,25.08,3.07,v3,2024-03-19 08:21:31
107,1434,167,2,47,0.00,48.89,25.08,3.07,v3,2024-03-19 08:21:31
107,1434,168,2,48,0.00,48.91,25.08,3.07,v3,2024-03-19 08:21:32
107,1434,169,2,49,0.00,48.93,25.08,3.07,v3,2024-03-19 08:21:32
107,1434,170,2,50,0.00,48.94,25.08,3.07,v3,2024-03-19 08:21:33
107,1434,171,2,51,0.00,48.96,25.08,3.07,v3,2024-03-19 08:21:33
107,1434,172,2,52,0.00,48.98,25.08,3.07,v3,2024-03-19 08:21:34
107,1434,173,2,53,0.00,48.99,25.08,3.07,v3,2024-03-19 08:21:34
107,1434,174,2,54,0.00,49.01,25.08,3.07,v3,2024-03-19 08:21:35
107,1434,175,2,55,0.00,49.03,25.08,3.07,v3,2024-03-19 08:21:35
107,1434,176,2,56,0.00,49.05,25.08,3.07,v3,2024-03-19 08:21:36
107,1434,177,2,57,0.00,49.06,25.08,3.07,v3,2024-03-19 08:21:36
107,1434,178,2,58,0.00,49.08,25.08,3.07,v3,2024-03-19 08:21:37
107,1434,179,2,59,0.00,49.09,25.08,3.07,v3,2024-03-19 08:21:37
107,1434,180,2,60,0.00,49.11,25.08,3.07,v3,2024-03-19 08:21:38
107,1434,181,2,61,0.00,49.13,25.08,3.07,v3,2024-03-19 08:21:38
107,1434,182,2,62,0.00,49.14,25.08,3.07,v3,2024-03-19 08:21:39
107,1434,183,2,63,0.00,49.16,25.08,3.07,v3,2024-03-19 08:21:41
107,1434,184,2,64,0.00,49.18,25.08,3.07,v3,2024-03-19 08:21:41
107,1434,185,2,65,0.00,49.20,25.08,3.07,v3,2024-03-19 08:21:41
107,1434,186,2,66,0.00,49.21,25.08,3.07,v3,2024-03-19 08:21:41
107,1434,187,2,67,0.00,49.23,25.08,3.07,v3,2024-03-19 08:21:41
107,1434,188,2,68,0.00,49.24,25.08,3.07,v3,2024-03-19 08:21:42
107,1434,189,2,69,0.00,49.26,25.08,3.07,v3,2024-03-19 08:21:42
107,1434,190,2,70,0.00,49.27,25.08,3.07,v3,2024-03-19 08:21:43
107,1434,191,2,71,0.00,49.29,25.08,3.07,v3,2024-03-19 08:21:43
107,1434,192,2,72,0.00,49.30,25.08,3.07,v3,2024-03-19 08:21:44
107,1434,193,2,73,0.00,49.32,25.08,3.07,v3,2024-03-19 08:21:44
107,1434,194,2,74,0.00,49.33,25.08,3.07,v3,2024-03-19 08:21:45
107,1434,195,2,75,0.00,49.35,25.08,3.07,v3,2024-03-19 08:21:45
107,1434,196,2,76,0.00,49.37,25.08,3.07,v3,2024-03-19 08:21:46
107,1434,197,2,77,0.00,49.38,25.08,3.07,v3,2024-03-19 08:21:46
107,1434,198,2,78,0.00,49.39,25.08,3.07,v3,2024-03-19 08:21:47
107,1434,199,2,79,0.00,49.41,25.08,3.07,v3,2024-03-19 08:21:47
107,1434,200,2,80,0.00,49.42,25.08,3.07,v3,2024-03-19 08:21:48
107,1434,201,2,81,0.00,49.44,25.08,3.07,v3,2024-03-19 08:21:48
107,1434,202,2,82,0.00,49.45,25.08,3.07,v3,2024-03-19 08:21:49
107,1434,203,2,83,0.00,49.47,25.08,3.07,v3,2024-03-19 08:21:49
107,1434,204,2,84,0.00,49.48,25.08,3.07,v3,2024-03-19 08:21:50
107,1434,205,2,85,0.00,49.50,25.08,3.07,v3,2024-03-19 08:21:50
107,1434,206,2,86,0.00,49.52,25.08,3.07,v3,2024-03-19 08:21:51
107,1434,207,2,87,0.00,49.53,25.08,3.07,v3,2024-03-19 08:21:51
107,1434,208,2,88,0.00,49.55,25.08,3.07,v3,2024-03-19 08:21:54
107,1434,209,2,89,0.00,49.56,25.08,3.07,v3,2024-03-19 08:21:54
107,1434,210,2,90,0.00,49.57,25.08,3.07,v3,2024-03-19 08:21:54
107,1434,211,2,91,0.00,49.59,25.08,3.07,v3,2024-03-19 08:21:54
107,1434,212,2,92,0.00,49.60,25.08,3.07,v3,2024-03-19 08:21:54
107,1434,213,2,93,0.00,49.61,25.08,3.07,v3,2024-03-19 08:21:54
107,1434,214,2,94,0.00,49.63,25.08,3.07,v3,2024-03-19 08:21:55
107,1434,215,2,95,0.00,49.64,25.08,3.07,v3,2024-03-19 08:21:55
107,1434,216,2,96,0.00,49.65,25.08,3.07,v3,2024-03-19 08:21:56
107,1434,217,2,97,0.00,49.67,25.08,3.07,v3,2024-03-19 08:21:56
107,1434,218,2,98,0.00,49.68,25.08,3.07,v3,2024-03-19 08:21:57
107,1434,219,2,99,0.00,49.70,25.08,3.07,v3,2024-03-19 08:21:57
107,1434,220,2,100,0.00,49.71,25.08,3.07,v3,2024-03-19 08:21:58
107,1434,221,2,101,0.00,49.73,25.08,3.07,v3,2024-03-19 08:21:58
107,1434,222,2,102,0.00,49.74,25.08,3.07,v3,2024-03-19 08:21:59
107,1434,223,2,103,0.00,49.75,25.08,3.07,v3,2024-03-19 08:21:59
107,1434,224,2,104,0.00,49.77,25.08,3.07,v3,2024-03-19 08:22:00
107,1434,225,2,105,0.00,49.78,25.08,3.07,v3,2024-03-19 08:22:00
107,1434,226,2,106,0.00,49.79,25.08,3.07,v3,2024-03-19 08:22:01
107,1434,227,2,107,0.00,49.81,25.08,3.07,v3,2024-03-19 08:22:01
107,1434,228,2,108,0.00,49.82,25.08,3.07,v3,2024-03-19 08:22:02
107,1434,229,2,109,0.00,49.84,25.08,3.07,v3,2024-03-19 08:22:02
107,1434,230,2,110,0.00,49.85,25.08,3.07,v3,2024-03-19 08:22:03
107,1434,231,2,111,0.00,49.87,25.08,3.07,v3,2024-03-19 08:22:03
107,1434,232,2,112,0.00,49.88,25.08,3.07,v3,2024-03-19 08:22:04
107,1434,233,2,113,0.00,49.90,25.08,3.07,v3,2024-03-19 08:22:04
107,1434,234,2,114,0.00,49.91,25.08,3.07,v3,2024-03-19 08:22:05
107,1434,235,2,115,0.00,49.92,25.08,3.07,v3,2024-03-19 08:22:05
107,1434,236,2,116,0.00,49.93,25.08,3.07,v3,2024-03-19 08:22:06
107,1434,237,2,117,0.00,49.95,25.08,3.07,v3,2024-03-19 08:22:06
107,1434,238,2,118,0.00,49.96,25.08,3.07,v3,2024-03-19 08:22:07
107,1434,239,2,119,0.00,49.97,25.08,3.07,v3,2024-03-19 08:22:07
107,1434,240,2,120,0.00,49.99,25.08,3.07,v3,2024-03-19 08:22:08
116,3857,1,1,1,0.00,94.60,23.42,3.44,v3,2024-03-19 08:47:59
116,3857,2,1,2,0.00,35.85,23.37,3.47,v3,2024-03-19 08:47:59
116,3857,3,1,3,0.00,44.06,23.40,3.44,v3,2024-03-19 08:48:00
116,3857,4,1,4,0.00,44.33,23.41,3.44,v3,2024-03-19 08:48:00
116,3857,5,1,5,0.00,44.57,23.41,3.44,v3,2024-03-19 08:48:01
116,3857,6,1,6,0.00,44.79,23.43,3.44,v3,2024-03-19 08:48:01
116,3857,7,1,7,0.00,45.00,23.43,3.44,v3,2024-03-19 08:48:02
116,3857,8,1,8,0.00,45.20,23.43,3.44,v3,2024-03-19 08:48:02
116,3857,9,1,9,0.00,45.40,23.44,3.44,v3,2024-03-19 08:48:03
116,3857,10,1,10,0.00,45.59,23.44,3.44,v3,2024-03-19 08:48:03
116,3857,11,1,11,0.00,45.78,23.44,3.44,v3,2024-03-19 08:48:04
116,3857,12,1,12,0.00,46.07,23.45,3.44,v3,2024-03-19 08:48:04
116,3857,13,1,13,0.00,46.25,23.46,3.44,v3,2024-03-19 08:48:05
116,3857,14,1,14,0.00,46.43,23.47,3.44,v3,2024-03-19 08:48:05
116,3857,15,1,15,0.00,46.61,23.47,3.44,v3,2024-03-19 08:48:06
116,3857,16,1,16,0.00,46.79,23.47,3.44,v3,2024-03-19 08:48:06
116,3857,17,1,17,0.00,46.96,23.48,3.44,v3,2024-03-19 08:48:07
116,3857,18,1,18,0.00,47.14,23.48,3.44,v3,2024-03-19 08:48:07
116,3857,19,1,19,0.00,47.31,23.49,3.44,v3,2024-03-19 08:48:08
116,3857,20,1,20,0.00,47.49,23.49,3.44,v3,2024-03-19 08:48:08
116,3857,21,1,21,0.00,47.66,23.50,3.44,v3,2024-03-19 08:48:09
116,3857,22,1,22,0.00,47.84,23.51,3.44,v3,2024-03-19 08:48:09
116,3857,23,1,23,0.00,48.00,23.51,3.44,v3,2024-03-19 08:48:10
116,3857,24,1,24,0.00,48.18,23.51,3.44,v3,2024-03-19 08:48:10
116,3857,25,1,25,0.00,48.34,23.52,3.44,v3,2024-03-19 08:48:11
116,3857,26,1,26,0.00,48.51,23.52,3.44,v3,2024-03-19 08:48:11
116,3857,27,1,27,0.00,48.67,23.52,3.44,v3,2024-03-19 08:48:12
116,3857,28,1,28,0.00,48.84,23.54,3.44,v3,2024-03-19 08:48:12
116,3857,29,1,29,0.00,49.09,23.54,3.44,v3,2024-03-19 08:48:13
116,3857,30,1,30,0.00,49.26,23.55,3.44,v3,2024-03-19 08:48:13
116,3857,31,1,31,0.00,49.42,23.55,3.44,v3,2024-03-19 08:48:14
116,3857,32,1,32,0.00,49.58,23.55,3.44,v3,2024-03-19 08:48:14
116,3857,33,1,33,0.00,49.74,23.56,3.44,v3,2024-03-19 08:48:15
116,3857,34,1,34,0.00,49.90,23.57,3.44,v3,2024-03-19 08:48:15
116,3857,35,1,35,0.00,50.07,23.56,3.44,v3,2024-03-19 08:48:16
116,3857,36,1,36,0.00,50.23,23.57,3.44,v3,2024-03-19 08:48:16
116,3857,37,1,37,0.00,50.39,23.57,3.44,v3,2024-03-19 08:48:17
116,3857,38,1,38,0.00,50.55,23.57,3.44,v3,2024-03-19 08:48:17
116,3857,39,1,39,0.00,50.70,23.58,3.44,v3,2024-03-19 08:48:18
116,3857,40,1,40,0.00,50.87,23.58,3.44,v3,2024-03-19 08:48:18
116,3857,41,1,41,0.00,51.02,23.58,3.44,v3,2024-03-19 08:48:19
116,3857,42,1,42,0.00,51.18,23.59,3.44,v3,2024-03-19 08:48:19
116,3857,43,1,43,0.00,51.33,23.60,3.44,v3,2024-03-19 08:48:20
116,3857,44,1,44,0.00,51.49,23.61,3.44,v3,2024-03-19 08:48:20
116,3857,45,1,45,0.00,51.64,23.60,3.44,v3,2024-03-19 08:48:21
116,3857,46,1,46,0.00,51.87,23.60,3.44,v3,2024-03-19 08:48:21
116,3857,47,1,47,0.00,52.03,23.61,3.44,v3,2024-03-19 08:48:22
116,3857,48,1,48,0.00,52.18,23.61,3.44,v3,2024-03-19 08:48:22
116,3857,49,1,49,0.00,52.34,23.62,3.44,v3,2024-03-19 08:48:23
116,3857,50,1,50,0.00,52.49,23.62,3.44,v3,2024-03-19 08:48:23
116,3857,51,1,51,0.00,52.64,23.63,3.44,v3,2024-03-19 08:48:24
116,3857,52,1,52,0.00,52.80,23.63,3.44,v3,2024-03-19 08:48:24
116,3857,53,1,53,0.00,52.94,23.64,3.44,v3,2024-03-19 08:48:25
116,3857,54,1,54,0.00,53.09,23.63,3.44,v3,2024-03-19 08:48:25
116,3857,55,1,55,0.00,53.25,23.64,3.44,v3,2024-03-19 08:48:26
116,3857,56,1,56,0.00,53.39,23.64,3.44,v3,2024-03-19 08:48:26
116,3857,57,1,57,0.00,53.54,23.64,3.44,v3,2024-03-19 08:48:27
116,3857,58,1,58,0.00,53.69,23.65,3.44,v3,2024-03-19 08:48:27
116,3857,59,1,59,0.00,53.84,23.65,3.44,v3,2024-03-19 08:48:28
116,3857,60,1,60,0.00,53.99,23.66,3.44,v3,2024-03-19 08:48:28
116,3857,61,1,61,0.00,54.14,23.66,3.44,v3,2024-03-19 08:48:29
116,3857,62,1,62,0.00,54.28,23.65,3.44,v3,2024-03-19 08:48:29
116,3857,63,1,63,0.00,54.50,23.66,3.44,v3,2024-03-19 08:48:30
116,3857,64,1,64,0.00,54.65,23.67,3.44,v3,2024-03-19 08:48:30
116,3857,65,1,65,0.00,54.79,23.67,3.44,v3,2024-03-19 08:48:31
116,3857,66,1,66,0.00,54.94,23.67,3.44,v3,2024-03-19 08:48:31
116,3857,67,1,67,0.00,55.08,23.67,3.44,v3,2024-03-19 08:48:32
116,3857,68,1,68,0.00,55.22,23.68,3.44,v3,2024-03-19 08:48:32
116,3857,69,1,69,0.00,55.37,23.68,3.44,v3,2024-03-19 08:48:33
116,3857,70,1,70,0.00,55.51,23.68,3.44,v3,2024-03-19 08:48:33
116,3857,71,1,71,0.00,55.65,23.68,3.44,v3,2024-03-19 08:48:34
116,3857,72,1,72,0.00,55.80,23.69,3.44,v3,2024-03-19 08:48:34
116,3857,73,1,73,0.00,55.94,23.69,3.44,v3,2024-03-19 08:48:35
116,3857,74,1,74,0.00,56.08,23.69,3.44,v3,2024-03-19 08:48:35
116,3857,75,1,75,0.00,56.22,23.69,3.44,v3,2024-03-19 08:48:36
116,3857,76,1,76,0.00,56.36,23.69,3.44,v3,2024-03-19 08:48:36
116,3857,77,1,77,0.00,56.50,23.69,3.44,v3,2024-03-19 08:48:37
116,3857,78,1,78,0.00,56.64,23.69,3.44,v3,2024-03-19 08:48:37
116,3857,79,1,79,0.00,56.78,23.70,3.44,v3,2024-03-19 08:48:38
116,3857,80,1,80,0.00,56.98,23.70,3.44,v3,2024-03-19 08:48:38
116,3857,81,1,81,0.00,57.12,23.70,3.44,v3,2024-03-19 08:48:39
116,3857,82,1,82,0.00,57.26,23.71,3.44,v3,2024-03-19 08:48:39
116,3857,83,1,83,0.00,57.40,23.71,3.44,v3,2024-03-19 08:48:40
116,3857,84,1,84,0.00,57.54,23.70,3.44,v3,2024-03-19 08:48:40
116,3857,85,1,85,0.00,57.68,23.71,3.44,v3,2024-03-19 08:48:41
116,3857,86,1,86,0.00,57.81,23.71,3.44,v3,2024-03-19 08:48:41
116,3857,87,1,87,0.00,57.95,23.71,3.44,v3,2024-03-19 08:48:42
116,3857,88,1,88,0.00,58.08,23.71,3.44,v3,2024-03-19 08:48:42
116,3857,89,1,89,0.00,58.22,23.72,3.44,v3,2024-03-19 08:48:43
116,3857,90,1,90,0.00,58.35,23.72,3.44,v3,2024-03-19 08:48:43
116,3857,91,1,91,0.00,58.48,23.71,3.44,v3,2024-03-19 08:48:44
116,3857,92,1,92,0.00,58.62,23.72,3.44,v3,2024-03-19 08:48:44
116,3857,93,1,93,0.00,58.75,23.72,3.44,v3,2024-03-19 08:48:45
116,3857,94,1,94,0.00,58.89,23.72,3.44,v3,2024-03-19 08:48:45
116,3857,95,1,95,0.00,59.02,23.72,3.44,v3,2024-03-19 08:48:46
116,3857,96,1,96,0.00,59.21,23.73,3.44,v3,2024-03-19 08:48:46
116,3857,97,1,97,0.00,59.35,23.73,3.44,v3,2024-03-19 08:48:47
116,3857,98,1,98,0.00,59.48,23.73,3.44,v3,2024-03-19 08:48:47
116,3857,99,1,99,0.00,59.61,23.74,3.44,v3,2024-03-19 08:48:48
116,3857,100,1,100,0.00,59.74,23.73,3.44,v3,2024-03-19 08:48:48
116,3857,101,1,101,0.00,59.87,23.73,3.44,v3,2024-03-19 08:48:49
116,3857,102,1,102,0.00,60.00,23.74,3.44,v3,2024-03-19 08:48:49
116,3857,103,1,103,0.00,60.13,23.74,3.44,v3,2024-03-19 08:48:50
116,3857,104,1,104,0.00,60.26,23.74,3.44,v3,2024-03-19 08:48:50
116,3857,105,1,105,0.00,60.39,23.74,3.44,v3,2024-03-19 08:48:51
116,3857,106,1,106,0.00,60.52,23.74,3.44,v3,2024-03-19 08:48:51
116,3857,107,1,107,0.00,60.64,23.74,3.44,v3,2024-03-19 08:48:52
116,3857,108,1,108,0.00,60.77,23.75,3.44,v3,2024-03-19 08:48:52
116,3857,109,1,109,0.00,60.90,23.75,3.44,v3,2024-03-19 08:48:53
116,3857,110,1,110,0.00,61.03,23.75,3.44,v3,2024-03-19 08:48:53
116,3857,111,1,111,0.00,61.15,23.75,3.44,v3,2024-03-19 08:48:54
116,3857,112,1,112,0.00,61.28,23.75,3.44,v3,2024-03-19 08:48:54
116,3857,113,1,113,0.00,61.47,23.75,3.44,v3,2024-03-19 08:48:55
116,3857,114,1,114,0.00,61.59,23.75,3.44,v3,2024-03-19 08:48:55
116,3857,115,1,115,0.00,61.72,23.76,3.44,v3,2024-03-19 08:48:56
116,3857,116,1,116,0.00,61.84,23.76,3.44,v3,2024-03-19 08:48:56
116,3857,117,1,117,0.00,61.96,23.76,3.44,v3,2024-03-19 08:48:57
116,3857,118,1,118,0.00,62.09,23.76,3.44,v3,2024-03-19 08:48:57
116,3857,119,1,119,0.00,62.21,23.77,3.44,v3,2024-03-19 08:48:58
116,3857,120,1,120,0.00,62.33,23.77,3.44,v3,2024-03-19 08:48:58
116,8045,121,2,1,0.00,94.23,23.67,2.99,v3,2024-03-19 08:51:28
116,8045,122,2,2,0.00,35.30,23.62,3.01,v3,2024-03-19 08:51:29
116,8045,123,2,3,0.00,44.20,23.64,2.99,v3,2024-03-19 08:51:29
116,8045,124,2,4,0.00,44.47,23.66,2.99,v3,2024-03-19 08:51:30
116,8045,125,2,5,0.00,44.71,23.65,2.99,v3,2024-03-19 08:51:30
116,8045,126,2,6,0.00,44.93,23.66,2.99,v3,2024-03-19 08:51:31
116,8045,127,2,7,0.00,45.14,23.66,2.99,v3,2024-03-19 08:51:31
116,8045,128,2,8,0.00,45.34,23.65,2.99,v3,2024-03-19 08:51:32
116,8045,129,2,9,0.00,45.55,23.66,2.99,v3,2024-03-19 08:51:32
116,8045,130,2,10,0.00,45.75,23.67,2.99,v3,2024-03-19 08:51:33
116,8045,131,2,11,0.00,45.93,23.66,2.99,v3,2024-03-19 08:51:33
116,8045,132,2,12,0.00,46.13,23.67,2.99,v3,2024-03-19 08:51:34
116,8045,133,2,13,0.00,46.31,23.67,2.99,v3,2024-03-19 08:51:34
116,8045,134,2,14,0.00,46.49,23.67,2.99,v3,2024-03-19 08:51:35
116,8045,135,2,15,0.00,46.67,23.66,2.99,v3,2024-03-19 08:51:35
116,8045,136,2,16,0.00,46.86,23.67,2.99,v3,2024-03-19 08:51:36
116,8045,137,2,17,0.00,47.12,23.67,2.99,v3,2024-03-19 08:51:36
116,8045,138,2,18,0.00,47.30,23.67,2.99,v3,2024-03-19 08:51:37
116,8045,139,2,19,0.00,47.47,23.66,2.99,v3,2024-03-19 08:51:37
116,8045,140,2,20,0.00,47.65,23.67,2.99,v3,2024-03-19 08:51:38
116,8045,141,2,21,0.00,47.82,23.68,2.99,v3,2024-03-19 08:51:38
116,8045,142,2,22,0.00,47.99,23.67,2.99,v3,2024-03-19 08:51:39
116,8045,143,2,23,0.00,48.16,23.67,2.99,v3,2024-03-19 08:51:39
116,8045,144,2,24,0.00,48.33,23.67,2.99,v3,2024-03-19 08:51:40
116,8045,145,2,25,0.00,48.50,23.67,2.99,v3,2024-03-19 08:51:40
116,8045,146,2,26,0.00,48.67,23.67,2.99,v3,2024-03-19 08:51:41
116,8045,147,2,27,0.00,48.84,23.68,2.99,v3,2024-03-19 08:51:41
116,8045,148,2,28,0.00,49.01,23.68,2.99,v3,2024-03-19 08:51:42
116,8045,149,2,29,0.00,49.17,23.67,2.99,v3,2024-03-19 08:51:42
116,8045,150,2,30,0.00,49.33,23.68,2.99,v3,2024-03-19 08:51:43
116,8045,151,2,31,0.00,49.50,23.68,2.99,v3,2024-03-19 08:51:43
116,8045,152,2,32,0.00,49.66,23.68,2.99,v3,2024-03-19 08:51:44
116,8045,153,2,33,0.00,49.90,23.68,2.99,v3,2024-03-19 08:51:44
116,8045,154,2,34,0.00,50.06,23.68,2.99,v3,2024-03-19 08:51:45
116,8045,155,2,35,0.00,50.23,23.68,2.99,v3,2024-03-19 08:51:45
116,8045,156,2,36,0.00,50.39,23.68,2.99,v3,2024-03-19 08:51:46
116,8045,157,2,37,0.00,50.55,23.68,2.99,v3,2024-03-19 08:51:46
116,8045,158,2,38,0.00,50.71,23.68,2.99,v3,2024-03-19 08:51:47
116,8045,159,2,39,0.00,50.87,23.69,2.99,v3,2024-03-19 08:51:47
116,8045,160,2,40,0.00,51.03,23.69,2.99,v3,2024-03-19 08:51:48
116,8045,161,2,41,0.00,51.18,23.69,2.99,v3,2024-03-19 08:51:48
116,8045,162,2,42,0.00,51.34,23.69,2.99,v3,2024-03-19 08:51:49
116,8045,163,2,43,0.00,51.49,23.69,2.99,v3,2024-03-19 08:51:49
116,8045,164,2,44,0.00,51.65,23.69,2.99,v3,2024-03-19 08:51:50
116,8045,165,2,45,0.00,51.81,23.69,2.99,v3,2024-03-19 08:51:50
116,8045,166,2,46,0.00,51.96,23.69,2.99,v3,2024-03-19 08:51:51
116,8045,167,2,47,0.00,52.12,23.69,2.99,v3,2024-03-19 08:51:51
116,8045,168,2,48,0.00,52.27,23.69,2.99,v3,2024-03-19 08:51:52
116,8045,169,2,49,0.00,52.43,23.69,2.99,v3,2024-03-19 08:51:52
116,8045,170,2,50,0.00,52.66,23.70,2.99,v3,2024-03-19 08:51:53
116,8045,171,2,51,0.00,52.81,23.69,2.99,v3,2024-03-19 08:51:53
116,8045,172,2,52,0.00,52.96,23.69,2.99,v3,2024-03-19 08:51:54
116,8045,173,2,53,0.00,53.11,23.69,2.99,v3,2024-03-19 08:51:54
116,8045,174,2,54,0.00,53.26,23.70,2.99,v3,2024-03-19 08:51:55
116,8045,175,2,55,0.00,53.41,23.70,2.99,v3,2024-03-19 08:51:55
116,8045,176,2,56,0.00,53.56,23.70,2.99,v3,2024-03-19 08:51:56
116,8045,177,2,57,0.00,53.71,23.69,2.99,v3,2024-03-19 08:51:56
116,8045,178,2,58,0.00,53.86,23.70,2.99,v3,2024-03-19 08:51:57
116,8045,179,2,59,0.00,54.01,23.70,2.99,v3,2024-03-19 08:51:57
116,8045,180,2,60,0.00,54.15,23.70,2.99,v3,2024-03-19 08:51:58
116,8045,181,2,61,0.00,54.30,23.70,2.99,v3,2024-03-19 08:51:58
116,8045,182,2,62,0.00,54.45,23.71,2.99,v3,2024-03-19 08:51:59
116,8045,183,2,63,0.00,54.59,23.71,2.99,v3,2024-03-19 08:51:59
116,8045,184,2,64,0.00,54.74,23.71,2.99,v3,2024-03-19 08:52:00
116,8045,185,2,65,0.00,54.89,23.71,2.99,v3,2024-03-19 08:52:00
116,8045,186,2,66,0.00,55.03,23.71,2.99,v3,2024-03-19 08:52:01
116,8045,187,2,67,0.00,55.25,23.71,2.99,v3,2024-03-19 08:52:01
116,8045,188,2,68,0.00,55.39,23.71,2.99,v3,2024-03-19 08:52:02
116,8045,189,2,69,0.00,55.54,23.71,2.99,v3,2024-03-19 08:52:02
116,8045,190,2,70,0.00,55.68,23.71,2.99,v3,2024-03-19 08:52:03
116,8045,191,2,71,0.00,55.83,23.71,2.99,v3,2024-03-19 08:52:03
116,8045,192,2,72,0.00,55.97,23.71,2.99,v3,2024-03-19 08:52:04
116,8045,193,2,73,0.00,56.11,23.71,2.99,v3,2024-03-19 08:52:04
116,8045,194,2,74,0.00,56.25,23.72,2.99,v3,2024-03-19 08:52:05
116,8045,195,2,75,0.00,56.39,23.72,2.99,v3,2024-03-19 08:52:05
116,8045,196,2,76,0.00,56.54,23.72,2.99,v3,2024-03-19 08:52:06
116,8045,197,2,77,0.00,56.67,23.71,2.99,v3,2024-03-19 08:52:06
116,8045,198,2,78,0.00,56.82,23.72,2.99,v3,2024-03-19 08:52:07
116,8045,199,2,79,0.00,56.95,23.72,2.99,v3,2024-03-19 08:52:07
116,8045,200,2,80,0.00,57.09,23.72,2.99,v3,2024-03-19 08:52:08
116,8045,201,2,81,0.00,57.23,23.72,2.99,v3,2024-03-19 08:52:08
116,8045,202,2,82,0.00,57.37,23.72,2.99,v3,2024-03-19 08:52:09
116,8045,203,2,83,0.00,57.51,23.73,2.99,v3,2024-03-19 08:52:09
116,8045,204,2,84,0.00,57.72,23.72,2.99,v3,2024-03-19 08:52:10
116,8045,205,2,85,0.00,57.85,23.72,2.99,v3,2024-03-19 08:52:10
116,8045,206,2,86,0.00,57.98,23.73,2.99,v3,2024-03-19 08:52:11
116,8045,207,2,87,0.00,58.12,23.73,2.99,v3,2024-03-19 08:52:11
116,8045,208,2,88,0.00,58.26,23.73,2.99,v3,2024-03-19 08:52:12
116,8045,209,2,89,0.00,58.39,23.73,2.99,v3,2024-03-19 08:52:12
116,8045,210,2,90,0.00,58.52,23.73,2.99,v3,2024-03-19 08:52:13
116,8045,211,2,91,0.00,58.66,23.73,2.99,v3,2024-03-19 08:52:13
116,8045,212,2,92,0.00,58.79,23.73,2.99,v3,2024-03-19 08:52:14
116,8045,213,2,93,0.00,58.93,23.74,2.99,v3,2024-03-19 08:52:14
116,8045,214,2,94,0.00,59.06,23.73,2.99,v3,2024-03-19 08:52:15
116,8045,215,2,95,0.00,59.19,23.73,2.99,v3,2024-03-19 08:52:15
116,8045,216,2,96,0.00,59.33,23.73,2.99,v3,2024-03-19 08:52:16
116,8045,217,2,97,0.00,59.46,23.74,2.99,v3,2024-03-19 08:52:16
116,8045,218,2,98,0.00,59.59,23.74,2.99,v3,2024-03-19 08:52:17
116,8045,219,2,99,0.00,59.72,23.74,2.99,v3,2024-03-19 08:52:17
116,8045,220,2,100,0.00,59.92,23.74,2.99,v3,2024-03-19 08:52:18
116,8045,221,2,101,0.00,60.04,23.74,2.99,v3,2024-03-19 08:52:18
116,8045,222,2,102,0.00,60.18,23.75,2.99,v3,2024-03-19 08:52:19
116,8045,223,2,103,0.00,60.31,23.75,2.99,v3,2024-03-19 08:52:19
116,8045,224,2,104,0.00,60.43,23.75,2.99,v3,2024-03-19 08:52:20
116,8045,225,2,105,0.00,60.56,23.74,2.99,v3,2024-03-19 08:52:20
116,8045,226,2,106,0.00,60.69,23.75,2.99,v3,2024-03-19 08:52:21
116,8045,227,2,107,0.00,60.82,23.76,2.99,v3,2024-03-19 08:52:21
116,8045,228,2,108,0.00,60.95,23.75,2.99,v3,2024-03-19 08:52:22
116,8045,229,2,109,0.00,61.07,23.75,2.99,v3,2024-03-19 08:52:22
116,8045,230,2,110,0.00,61.20,23.76,2.99,v3,2024-03-19 08:52:23
116,8045,231,2,111,0.00,61.33,23.76,2.99,v3,2024-03-19 08:52:23
116,8045,232,2,112,0.00,61.45,23.76,2.99,v3,2024-03-19 08:52:24
116,8045,233,2,113,0.00,61.58,23.76,2.99,v3,2024-03-19 08:52:24
116,8045,234,2,114,0.00,61.70,23.76,2.99,v3,2024-03-19 08:52:25
116,8045,235,2,115,0.00,61.83,23.77,2.99,v3,2024-03-19 08:52:25
116,8045,236,2,116,0.00,61.96,23.77,2.99,v3,2024-03-19 08:52:26
116,8045,237,2,117,0.00,62.14,23.78,2.99,v3,2024-03-19 08:52:26
116,8045,238,2,118,0.00,62.26,23.77,2.99,v3,2024-03-19 08:52:27
116,8045,239,2,119,0.00,62.39,23.77,2.99,v3,2024-03-19 08:52:27
116,8045,240,2,120,0.00,62.51,23.77,2.99,v3,2024-03-19 08:52:28
116,9085,241,3,1,0.00,94.60,24.80,2.99,v3,2024-03-19 08:57:32
116,9085,242,3,2,0.00,38.02,24.75,3.00,v3,2024-03-19 08:57:33
116,9085,243,3,3,0.00,44.17,24.77,2.98,v3,2024-03-19 08:57:33
116,9085,244,3,4,0.00,44.45,24.78,2.98,v3,2024-03-19 08:57:34
116,9085,245,3,5,0.00,44.69,24.78,2.98,v3,2024-03-19 08:57:34
116,9085,246,3,6,0.00,45.03,24.79,2.98,v3,2024-03-19 08:57:35
116,9085,247,3,7,0.00,45.24,24.78,2.98,v3,2024-03-19 08:57:35
116,9085,248,3,8,0.00,45.45,24.80,2.98,v3,2024-03-19 08:57:36
116,9085,249,3,9,0.00,45.65,24.79,2.98,v3,2024-03-19 08:57:36
116,9085,250,3,10,0.00,45.84,24.80,2.98,v3,2024-03-19 08:57:37
116,9085,251,3,11,0.00,46.03,24.79,2.98,v3,2024-03-19 08:57:37
116,9085,252,3,12,0.00,46.22,24.81,2.98,v3,2024-03-19 08:57:38
116,9085,253,3,13,0.00,46.40,24.81,2.98,v3,2024-03-19 08:57:38
116,9085,254,3,14,0.00,46.59,24.81,2.99,v3,2024-03-19 08:57:39
116,9085,255,3,15,0.00,46.77,24.81,2.98,v3,2024-03-19 08:57:39
116,9085,256,3,16,0.00,46.95,24.82,2.99,v3,2024-03-19 08:57:40
116,9085,257,3,17,0.00,47.12,24.82,2.98,v3,2024-03-19 08:57:40
116,9085,258,3,18,0.00,47.30,24.82,2.98,v3,2024-03-19 08:57:41
116,9085,259,3,19,0.00,47.47,24.82,2.98,v3,2024-03-19 08:57:41
116,9085,260,3,20,0.00,47.65,24.82,2.98,v3,2024-03-19 08:57:42
116,9085,261,3,21,0.00,47.82,24.83,2.98,v3,2024-03-19 08:57:42
116,9085,262,3,22,0.00,47.99,24.82,2.99,v3,2024-03-19 08:57:43
116,9085,263,3,23,0.00,48.24,24.83,2.98,v3,2024-03-19 08:57:43
116,9085,264,3,24,0.00,48.41,24.83,2.99,v3,2024-03-19 08:57:44
116,9085,265,3,25,0.00,48.58,24.83,2.99,v3,2024-03-19 08:57:44
116,9085,266,3,26,0.00,48.75,24.84,2.98,v3,2024-03-19 08:57:45
                                                                                                                                                                                                                                                                                                                                                   116,9085,333,3,93,0.00,58.93,24.91,2.99,v3,2024-03-19 08:57:33
116,9085,334,3,94,0.00,59.06,24.91,2.99,v3,2024-03-19 08:57:34
116,9085,335,3,95,0.00,59.19,24.91,2.99,v3,2024-03-19 08:57:34
116,9085,336,3,96,0.00,59.33,24.91,2.99,v3,2024-03-19 08:57:35
116,9085,337,3,97,0.00,59.46,24.92,2.99,v3,2024-03-19 08:57:35
116,9085,338,3,98,0.00,59.59,24.92,2.99,v3,2024-03-19 08:57:36
116,9085,339,3,99,0.00,59.72,24.91,2.99,v3,2024-03-19 08:57:36
116,9085,340,3,100,0.00,59.85,24.92,2.99,v3,2024-03-19 08:57:37
116,9085,341,3,101,0.00,59.98,24.92,2.99,v3,2024-03-19 08:57:37
116,9085,342,3,102,0.00,60.10,24.91,2.99,v3,2024-03-19 08:57:38
116,9085,343,3,103,0.00,60.23,24.92,2.99,v3,2024-03-19 08:57:38
116,9085,344,3,104,0.00,60.36,24.91,2.99,v3,2024-03-19 08:57:39
116,9085,345,3,105,0.00,60.49,24.92,2.99,v3,2024-03-19 08:57:39
116,9085,346,3,106,0.00,60.68,24.92,2.99,v3,2024-03-19 08:57:40
116,9085,347,3,107,0.00,60.81,24.92,2.99,v3,2024-03-19 08:57:40
116,9085,348,3,108,0.00,60.93,24.92,2.99,v3,2024-03-19 08:57:41
116,9085,349,3,109,0.00,61.06,24.93,2.99,v3,2024-03-19 08:57:41
116,9085,350,3,110,0.00,61.18,24.92,2.98,v3,2024-03-19 08:57:42
116,9085,351,3,111,0.00,61.31,24.93,2.99,v3,2024-03-19 08:57:42
116,9085,352,3,112,0.00,61.43,24.92,2.99,v3,2024-03-19 08:57:51
116,9085,353,3,113,0.00,61.56,24.92,2.99,v3,2024-03-19 08:57:51
116,9085,354,3,114,0.00,61.68,24.91,2.99,v3,2024-03-19 08:57:51
116,9085,355,3,115,0.00,61.81,24.92,2.99,v3,2024-03-19 08:57:51
116,9085,356,3,116,0.00,61.93,24.92,2.98,v3,2024-03-19 08:57:51
116,9085,357,3,117,0.00,62.05,24.92,2.99,v3,2024-03-19 08:57:51
116,9085,358,3,118,0.00,62.17,24.91,2.99,v3,2024-03-19 08:57:51
116,9085,359,3,119,0.00,62.30,24.91,2.99,v3,2024-03-19 08:57:51
116,9085,360,3,120,0.00,62.42,24.92,2.99,v3,2024-03-19 08:57:51
